{
    "geometries": [{
        "type": "Geometry",
        "materials": [{
            "colorDiffuse": [0.690196,0.690196,0.690196],
            "visible": true,
            "specularCoef": 50,
            "transparent": false,
            "opacity": 1,
            "DbgColor": 15658734,
            "depthWrite": true,
            "colorAmbient": [0.690196,0.690196,0.690196],
            "DbgIndex": 0,
            "wireframe": false,
            "shading": "phong",
            "colorSpecular": [0.009961,0.009961,0.009961],
            "DbgName": "b0b0b0",
            "depthTest": true,
            "blending": "NormalBlending",
            "colorEmissive": [0,0,0]
        }],
        "uuid": "DCA24E96-9468-357E-AD01-3232BB5D898A",
        "data": {
            "morphTargets": [],
            "vertices": [0,-0.5,0.5,0.1913,-0.4619,0.5,0.3536,-0.3536,0.5,0.4619,-0.1913,0.5,0.5,0,0.5,0.4619,0.1913,0.5,0.3536,0.3536,0.5,0.1913,0.4619,0.5,0,0.5,0.5,0,-0.5,-0.5,0.1913,-0.4619,-0.5,0.3536,-0.3536,-0.5,0.4619,-0.1913,-0.5,0.5,0,-0.5,0.4619,0.1913,-0.5,0.3536,0.3536,-0.5,0.1913,0.4619,-0.5,0,0.5,-0.5,0,-0.5,0,0.122042,-0.4619,-0,0.225584,-0.3536,0,0.294675,-0.1913,-0,0.318981,0,-0,0.294675,0.1913,-0,0.225584,0.3536,0,0.122042,0.4619,0,0,0.5,0,0,-0.5,-0.748789,0.1913,-0.4619,-0.748789,0.3536,-0.3536,-0.748789,0.4619,-0.1913,-0.748789,0.5,0,-0.748789,0.4619,0.1913,-0.748789,0.3536,0.3536,-0.748789,0.1913,0.4619,-0.748789,0,0.5,-0.748789],
            "animations": [],
            "faces": [43,0,18,19,1,0,0,1,2,3,0,1,2,3,43,1,19,20,2,0,3,2,4,5,3,2,4,5,43,2,20,21,3,0,5,4,6,7,5,4,6,7,43,3,21,22,4,0,7,6,8,9,7,6,8,9,43,4,22,23,5,0,9,8,10,11,9,8,10,11,43,5,23,24,6,0,11,10,12,13,11,10,12,13,43,6,24,25,7,0,13,12,14,15,13,12,14,15,43,7,25,26,8,0,15,14,16,17,15,14,16,17,43,18,9,10,19,0,1,18,19,2,1,18,19,2,43,19,10,11,20,0,2,19,20,4,2,19,20,4,43,20,11,12,21,0,4,20,21,6,4,20,21,6,43,21,12,13,22,0,6,21,22,8,6,21,22,8,43,22,13,14,23,0,8,22,23,10,8,22,23,10,43,23,14,15,24,0,10,23,24,12,10,23,24,12,43,24,15,16,25,0,12,24,25,14,12,24,25,14,43,25,16,17,26,0,14,25,26,16,14,25,26,16,43,10,9,27,28,0,18,18,18,18,19,18,27,28,43,11,10,28,29,0,18,18,18,18,20,19,28,29,43,12,11,29,30,0,18,18,18,18,21,20,29,30,43,13,12,30,31,0,18,18,18,18,22,21,30,31,43,14,13,31,32,0,18,18,18,18,23,22,31,32,43,15,14,32,33,0,18,18,18,18,24,23,32,33,43,16,15,33,34,0,18,18,18,18,25,24,33,34,43,17,16,34,35,0,18,18,18,18,26,25,34,35],
            "uvs": [[0,1,0,0.5,0.0625,0.5,0.0625,1,0.125,0.5,0.125,1,0.1875,0.5,0.1875,1,0.25,0.5,0.25,1,0.3125,0.5,0.3125,1,0.375,0.5,0.375,1,0.4375,0.5,0.4375,1,0.5,0.5,0.5,1,0,0,0.0625,0,0.125,0,0.1875,0,0.25,0,0.3125,0,0.375,0,0.4375,0,0.5,0]],
            "skinWeights": [],
            "normals": [0.236244,-0.971526,-0.016358,0.236274,-0.971679,0,0.42967,-0.902951,0,0.458968,-0.885159,-0.076235,0.756737,-0.653676,0,0.765831,-0.611682,-0.198309,0.942198,-0.335002,0,0.907193,-0.300027,-0.2949,1,0,0,0.944365,0,-0.328867,0.942198,0.335002,0,0.907193,0.300027,-0.2949,0.756737,0.653676,0,0.765831,0.611682,-0.198309,0.42967,0.902951,0,0.458968,0.885159,-0.076235,0.236274,0.971679,0,0.236244,0.971526,-0.016358,0.215827,-0.976379,0.008179,0.421155,-0.906156,0.037935,0.740928,-0.664266,0.098636,0.926633,-0.346019,0.146825,0.98648,0,0.163793,0.926633,0.346019,0.146825,0.740928,0.664266,0.098636,0.421155,0.906156,0.037935,0.215827,0.976379,0.008179,0.195318,-0.980712,0,0.382488,-0.923948,0,0.707083,-0.707083,0,0.923948,-0.382488,0,0.999969,0,0,0.923948,0.382488,0,0.707083,0.707083,0,0.382488,0.923948,0,0.195318,0.980712,0],
            "influencesPerVertex": 2,
            "bones": [],
            "name": "CylinderGeometry",
            "skinIndices": [],
            "metadata": {
                "morphTargets": 0,
                "version": 3,
                "uvs": 1,
                "faces": 24,
                "vertices": 36,
                "normals": 36,
                "bones": 0,
                "materials": 1,
                "generator": "io_three"
            }
        }
    }],
    "animations": [{
        "fps": 29,
        "name": "default",
        "tracks": []
    }],
    "object": {
        "type": "Scene",
        "matrix": [1,0,0,0,0,1,0,0,0,0,1,0,0,0,0,1],
        "children": [{
            "name": "Cylinder",
            "uuid": "5267BF4F-D758-3B25-9F2C-ED4EFC102E6F",
            "matrix": [-1,0,0,0,0,0,1,0,0,1,0,0,0,0,0,1],
            "visible": true,
            "type": "Mesh",
            "material": "B92F5ACA-E24A-3A69-B2DD-69B8C9C5682C",
            "castShadow": true,
            "receiveShadow": true,
            "geometry": "DCA24E96-9468-357E-AD01-3232BB5D898A"
        }],
        "uuid": "B0DFD53C-BD4B-4D1C-880C-37607EA659EF"
    },
    "textures": [],
    "materials": [{
        "vertexColors": false,
        "shininess": 50,
        "uuid": "B92F5ACA-E24A-3A69-B2DD-69B8C9C5682C",
        "depthWrite": true,
        "specular": 131586,
        "type": "MeshPhongMaterial",
        "ambient": 11579568,
        "emissive": 0,
        "depthTest": true,
        "blending": "NormalBlending",
        "name": "b0b0b0",
        "color": 11579568
    }],
    "images": [],
    "metadata": {
        "version": 4.4,
        "type": "Object",
        "generator": "io_three"
    }
}